Unnamed: 0,variant,Unnamed: 2,glucose,glycerol,39c,NaCl,CHO-mean,HeLa-mean,ML prediction
1,Desert for 3-motif variants,gb20,990.3494382,2053.285033,1206.571333,1169.163233,3731.63,42.02520703,0.5072211
2,Desert for 6-motifs variants,gb1,979.8625188,4810.1726,1110.529233,2099.167833,4847.87,39.65317413,0.5246764
3,32_15G_5AC*,gb31,2259.275767,86.23586667,61.41446667,81.83563333,5812.16,51.20581073,0.7785701
4,32_5AC_15G*,gb32,1203.750225,989.8897667,308.6764333,510.2077,6621.77,53.79865783,0.7863451
5,15G_32_5AC*,gb26,8350.261763,17247.5304,10021.47757,14106.78357,5951.75,43.15895434,0.78425485
6,15G_5AC_32*,gb25,5902.526434,9502.841833,7006.884767,8933.022967,5858.9,40.81829929,0.8124856
7,5AC_32_15G*,gb23,2038.851409,2218.326467,1619.723767,2313.307267,4400.06,50.12671521,0.76828176
8,5AC_15G_32*,gb24,2732.227301,3313.0186,2170.656,2905.406267,4205.71,51.21708521,0.8077237
9,(23TCTC_23TCTC_23TCTC)*,gb10,1146.975403,1539.596167,1142.950667,1285.9569,4603.79,39.31363149,0.5349584
10,(14GCA_14GCA_14GCA)x2*,gb4,3679.49186,4015.447867,4000.416067,4375.845533,5432.81,44.33479577,0.73198736
11,(15G_15G_15G)x2*,gb5,17303.96986,31097.558,24189.65197,27090.42097,11405.97,49.50377294,0.85503113
12,(17_17_17)x2*,gb6,2067.960715,1989.530967,1313.744767,1173.999733,3098.34,45.5621137,0.59788
13,(20CA_20CA_20CA)x2*,gb8,8991.909038,5956.429367,4094.426733,5003.8033,5089.76,49.8770578,0.73198736
14,(32_15G_5AC)x2*,gb17,2401.011922,5922.4037,2433.932033,3577.0981,3905.14,40.33295234,0.9195241
15,(32_15T_5CC)x2*,gb18,2259.667707,2974.637533,2100.8053,2362.154467,3732.77,39.36427391,0.92286074
16,(5CA_6T_20CA)x2*,gb14,2645.905403,3717.120733,2532.891867,3576.128,2594.9,44.96549827,0.7716754
17,(36_41A_14GCA)x2*,gb19,3592.455445,7744.622733,3985.3262,5094.825767,4261.84,42.56291494,0.74065375
18,(23GATC_23GATC_23GATC)*,gb11,767.4908882,1152.739867,966.5794667,724.9754,4722.45,35.64312744,0.52059793
19,(22A_22A_22A)x2*,gb9,571.4973143,881.7525333,450.0209333,575.2488,1425.93,34.73179626,0.42447415
20,(9A_9A_9A)x2*,gb2,288.5747687,64.42673333,63.25406667,69.3787,4294.18,36.57373047,0.3946114
21,(18_18_18)x2*,gb7,178.5214069,64.6083,63.73953333,85.9681,5658.5,38.91646194,0.48943728
22,(13_13_13)x2*,gb3,657.2068339,848.7048,534.3268667,837.7606667,3189.83,34.68583298,0.5080106
23,(8CCG_9A_23GATC)x2*,gb15,3304.727184,5353.539,2489.1606,2571.9196,5368.52,40.51114655,0.5237386
24,(22A_8CCG_9A)x2*,gb16,1369.027666,1941.177333,695.7855667,1105.575733,3042.57,44.56034088,0.4920225
