binding site,seq,meanFL in place 1,meanFL in place 2,meanFL in place 3,,,
b11,GCGTGGGAA,854.7755852,756.1557487,843.4181055,0.876355011,0.838489011,0.816278571
b12,GTCACGTGAC,683.3437646,757.5767987,566.1187215,945.6015568,945.6015568,945.6015569
b13,TCCTGCAGGA,751.5239656,719.4724551,1039.426053,,,
b14,GAATATTCTAGAATATTC,0,0,0,,,
b15,GCTAAGCCGC,957.3872059,958.6062849,888.1969547,,,
b16,ACGATCCTCA,954.0720768,919.3512657,979.6614476,,,
b17,GTTACCCTGC,881.3315847,963.2177271,795.3777653,,,
b18,CAGCAAAAAT,1229.180008,980.2147491,1141.692249,,,
b19,CAGGTAACAA,719.8156871,798.1082364,817.2155284,,,
b20,ATCGTACGAT,1194.200292,1158.664225,880.5610128,,,
b21,GCGCATGCGC,1062.221998,948.3141203,987.376569,,,
b22,GGTCAAAGGTCA,546.4741665,900.3217329,643.1129787,,,
b23,TCACTCACTACGA,724.4403157,955.0534088,888.6805622,,,
b24,CGGCGCTAGC,646.0586326,569.0729908,539.2000653,,,
b25,GGTTCGAACC,1141.154059,990.8616467,538.657616,,,
b26,GCTGCGCCAC,1667.264956,1565.220231,1568.700255,,,
b27,ACCCTTACCCT,873.5495488,1084.901788,1099.449628,,,
b28,TGCCTGAGGCA,653.8340101,833.6022028,827.624486,,,
b29,CCCCCCGCTG,1010.752237,1078.194194,1326.869377,,,
b30,GGGGAATCCCC,900.931678,1012.516305,890.1267065,,,
b31,CCATATATGG,679.1075884,699.1652693,850.5489346,,,
b32,TTCAAGGTCA,680.2637192,772.3344127,872.5180479,,,
b33,ATGACGKCMT,1198.785853,866.2238891,952.9635935,,,
b34,MCMCGCCCA,1127.097943,973.3895658,1148.147161,,,
b35,AMACCCACACMCC,1427.867966,1711.358032,1440.157667,,,
b36,ACCCAKACACC,1379.109472,1362.476441,1496.586132,,,
b37,GMTTACGTMAKC,884.1051925,947.1961198,805.7406837,,,
b38,ACAACAACAM,838.8467072,897.0557141,886.6127085,,,
b39,CTGACCTMCC,1057.099705,1005.786262,1141.201314,,,
b40,KMTAMGCCAC,1285.889256,1202.429917,1105.727128,,,
b41,KAGGCGCAGC,1524.453982,1266.877311,1255.774066,,,
b42,AACGAGGCKK,932.512877,769.0479131,732.6295757,,,
b43,GMTAMGCCAC,1264.591991,1220.69848,1075.208329,,,
b44,ACCAMTCGGA,860.75354,842.3877138,1019.056928,,,
b45,MTGTCAATCA,680.0528866,682.616661,928.356212,,,
b46,KGGMACACTKCCM,785.470504,1056.56241,910.182805,,,
b47,ACMGGAAGTG,785.2642344,718.4747309,820.7981538,,,
b48,CGCCMTGTTG,904.0681457,1020.000647,987.7874481,,,
b49,KCMGGGTAAC,721.1400704,703.0629673,781.6988893,,,
b50,TATGCAAATK,887.9492629,841.5834973,845.0484613,,,
b51,ACCMCGCCCM,1091.973764,944.1339984,1070.191086,,,
b52,MCGCCCCCTA,1266.548955,1262.977323,1326.863982,,,